{"cameraMode":{"drawMode":0,"name":"Shaded","section":"Shading Mode"},"sceneLighting":true,"audioPlay":false,"sceneViewState":{"showFog":true,"showMaterialUpdate":false,"showSkybox":true,"showFlares":true,"showImageEffects":true,"showParticleSystems":true},"in2DMode":false,"pivot":{"x":-12.886748313903809,"y":9.935710906982422,"z":-0.2518802285194397},"rotation":{"x":0.07741722464561463,"y":0.11341282725334168,"z":-0.00885956734418869,"w":0.9905086755752564},"size":8.507930755615235,"orthographic":true}